0.007169502,-0.005527244,-0.003628096,-0.007980253,0.00028931,-0.000135083,0.002093917,0.002123918,0.001191143,0.000284679,-0.002245424,0.001344198,-0.000764032,-0.003006862,-0.000512364,-0.000364978,-0.000951821,-0.000897359,-0.000918881,0.001112271
-0.011332996,0.000222334,-0.000735889,-0.001924523,0.003262397,-0.004557498,0.001533881,-0.002549905,-0.000594039,0.001218316,0.001112138,0.003035269,0.000653523,-0.001219692,-0.000957445,0.001388911,-0.001634865,0.000887138,-0.000178665,-0.002133056
0.009121403,-0.009407268,-0.001068163,-0.004274903,-0.000290964,-0.001659882,-0.006470977,-0.000695692,0.00137546,-0.000870392,0.000854913,-0.001304954,0.000568002,0.000482046,-0.000552222,0.000783336,0.000658829,0.001099669,-0.000722321,-0.000622494
0.008662861,-0.00514987,-0.000898899,-0.008217849,-0.001269968,0.002601972,0.000561378,0.001475751,-0.000479428,-0.000620117,4.10E-05,0.002205765,-0.000770721,-0.0032311,-0.000831045,0.000976872,-0.001464229,0.001661702,-0.000685898,-0.001513647
-0.00953977,0.002227143,-0.003743734,-0.000285543,0.000637374,0.002523337,-0.002288538,-0.002768033,-0.001834502,-0.000576434,0.000104307,0.000536452,0.001538713,0.000458238,0.001914499,-0.001189589,-0.001008175,-0.00012925,-0.001447726,-0.00258293
0.006521325,-0.007222072,-0.003030509,0.00240311,0.002936633,-0.00253908,0.001658446,0.000493,0.004476933,0.001085926,0.001479452,-0.000490053,-1.50E-05,-9.06E-05,-0.000397539,0.001969263,0.00057492,-0.000747885,-0.00086962,-0.00089226
-0.009979637,0.007522446,-0.007823779,-0.003375313,-0.001151575,-0.000669413,0.000719315,-0.000714095,-0.000384112,-0.001096481,-0.00022227,-0.000237467,0.002774978,0.000177232,0.001584187,0.000891401,0.00105424,-0.00011133,0.000745775,-0.00031986
-0.009384366,0.001126333,-0.001754685,-0.000754447,-0.001871724,0.003825496,0.00190656,-0.002116939,6.07E-05,5.44E-05,0.002200101,-0.002582827,0.000184942,-0.000843179,0.000672932,-0.000462123,-0.001802653,-0.000686327,-0.000103836,-0.000879843
-0.012440775,-0.002163561,-0.001286062,0.002381067,-0.00363096,0.000579556,-0.002008365,-0.000906837,-0.000530984,0.00048631,-0.000495313,-0.00010628,0.001282681,2.05E-05,0.000380481,-0.000948596,-0.000945628,-0.001172019,-0.000469573,-0.000578049
-0.00898589,-0.002320527,0.002775394,-0.001155967,0.004695885,-0.00260181,0.003702721,-0.001327778,5.28E-05,-0.001066997,-9.98E-05,0.001008801,0.000461872,-0.00074953,0.000165568,0.001851327,0.001534704,-0.000115257,0.000727958,-0.000100075
0.008711958,-0.009186553,-0.000601828,0.002863037,-0.005116482,-0.001008118,-0.000444232,-0.00338564,-5.15E-05,-0.001557774,-0.000728428,-9.16E-05,-0.000397396,0.001311809,0.001418093,0.001096472,0.001660027,0.000529326,0.000874015,-0.001460406
0.008039844,-0.005073899,-0.003028873,-0.002059958,-0.004416588,0.000244998,0.003315856,-0.000830959,-0.00149702,0.003113886,0.00154708,-0.001425007,-0.001042115,-0.001417562,0.001559972,0.000773422,0.000226978,0.001938125,0.000247293,-0.001134575
0.00516401,-0.000680479,-0.009312478,-0.005748579,0.002510657,-0.000208412,-0.002479993,-0.001561746,0.001064602,0.000641326,0.000769818,-0.000735584,-0.000615526,-0.000358617,-0.002151275,-0.001178995,0.001488194,0.000595983,0.000347826,0.002102743
-0.013834452,0.002631286,-0.001249935,0.001291637,-0.002282508,0.000348147,-0.000430703,0.001008528,-0.000672785,-0.000853051,0.001272227,-0.001414766,0.000911769,-0.003077815,-0.001005553,-0.00039635,0.000615103,4.04E-07,0.000432973,-0.000154959
-0.008780509,0.002089897,-0.001823353,0.001002393,0.002853445,0.003718854,0.002718337,-0.003498469,0.000525205,-0.001283223,0.004335841,-0.000854678,0.000224122,-0.000712899,-0.002863867,-0.001032392,-0.000231216,0.000130772,-0.000224824,-0.000757881
0.009359065,-0.006846626,-1.63E-05,0.003523667,-0.00396749,0.000231749,0.001431603,-0.003435635,-0.00084672,-0.001032338,0.001321754,-0.000725895,-0.000139513,0.001695149,-0.001541224,-2.37E-05,0.000986392,0.000936228,0.000666614,-0.000919145
0.008104977,-0.00862404,-0.001701851,-0.003483184,0.000668682,-0.002477744,-0.002306399,-0.00019606,-0.000585256,-0.000868158,-0.000212028,-0.000802313,0.000242421,-0.001120891,0.000230513,-0.001270615,0.002817528,-0.001384281,9.94E-05,-0.000921995
-0.011706322,-0.00106627,0.001529797,-0.000635092,0.001398978,-0.003005974,-5.88E-05,0.000134196,-0.000999732,-0.002231489,-4.32E-05,-0.000617897,0.00093891,-0.000736539,-0.000353224,-0.001118075,-0.000796891,0.000355069,0.001979821,0.000839779
0.005986615,-0.008704891,-0.001356701,-0.003491105,0.002721241,-0.00309058,0.001888401,-0.00036044,-0.000643699,0.000196201,-0.00058995,0.000605445,0.000185642,0.001415452,0.00044959,0.000449842,-0.001267239,0.001235228,-0.00159411,6.33E-05
-0.010392049,-0.000595082,0.003740238,-0.004170898,-0.000750861,-0.00395645,-0.00026084,-0.000359416,-0.00381847,-0.003639119,0.000684805,-0.004036035,0.001595484,0.001264097,0.000347486,0.001366233,-0.001257442,-0.00078868,-0.001642564,-0.000220047
-0.010194257,-0.002787139,0.001854499,0.002471162,0.001758183,-0.002756115,0.00425219,-0.001195186,-0.00041366,-0.000152842,-0.000581074,-0.001402969,0.001419855,-0.001452287,-0.00094576,-0.000382192,0.000869972,0.001072114,0.000879805,-4.54E-05
0.008308576,-0.007901337,-0.003439809,0.004125397,-0.000580402,-0.001916102,0.000268432,-0.000164749,-0.000611656,-0.000591388,-0.000892578,-0.001802907,-0.001831148,0.002126053,-0.001726977,0.000574754,-0.000967253,-0.001255438,0.000280746,-0.001403827
-0.008626653,0.00306644,-0.002329194,-0.000680569,0.005094277,-0.000755042,0.00384771,-0.002637433,-0.000328293,0.000120841,0.00168473,0.000400794,0.000720416,-0.001405657,-0.001812055,0.000565818,0.002010553,-0.000612708,-0.000509926,-0.001849036
0.007010189,-0.007311141,-0.00415681,0.003036041,0.000219395,-0.001079467,0.00039253,-0.000932979,0.000637667,-4.99E-05,7.80E-05,-0.002019079,-0.001194845,0.001343449,-0.001421319,-0.000956296,-0.000628245,0.000869891,-0.001650642,-0.001118715
-0.008796107,0.006288655,-0.006203075,-0.000944761,0.00173432,-0.000254553,-0.003928078,-0.002641787,-0.003261762,-0.002083973,0.00012274,0.001077226,0.001668655,-0.000912877,0.000599089,0.000669724,0.002139266,-0.000302155,-0.000178488,-0.001111245
0.008847643,-0.007387625,-0.003150053,-0.000455233,-0.003357384,-0.001408418,0.002678274,-0.003748909,0.000892256,0.000449864,-0.001373107,-0.000896158,-0.002380767,-0.001242914,0.001208749,-0.00043646,0.00044315,0.000267168,-0.000456162,-0.001656948
0.005754043,-0.008780804,-0.002451845,0.000131928,-0.001931301,0.002062462,0.003056288,-0.00226908,0.002328557,-0.000993544,8.33E-05,0.001249436,0.000848956,0.000109055,0.000924332,-0.001016549,-3.15E-05,0.000995109,-0.00067564,0.000532048
-0.010860524,-0.00498046,0.00496235,-0.002679518,0.00047485,-0.003734024,-0.000324748,-0.001070788,-0.003912852,-0.002823203,-0.000487847,-0.001940442,0.000607193,0.002148747,-0.000306157,0.000862471,-0.000996227,0.001841896,-0.002690897,0.002137281
0.005837396,-0.005306784,-0.004886027,0.00322042,0.000498529,0.000825175,-0.000627143,-0.000546921,0.002309244,-0.000339368,-5.96E-05,-0.001105709,0.000371468,0.001821709,-0.000773035,0.00069472,-0.001365174,0.000540268,-0.00050425,0.000150853
0.006963167,-0.005305827,-0.003679735,-0.003053479,-0.000230548,-0.001330207,-3.19E-05,-0.000728097,0.002281415,-0.00116808,2.20E-05,9.50E-05,-0.00173603,-0.000723497,0.000690317,0.000714968,0.000635547,0.000605468,-0.000111915,-0.000266966
0.006918321,-0.009066114,-0.003720874,0.003390306,-0.00083868,-0.001382047,0.002393841,-0.001837287,0.000200318,-0.000587104,-0.000554293,-0.000441371,-0.000869142,0.000426113,-0.001000548,-8.52E-05,0.000817108,-0.000374586,0.000674459,-0.000391703
-0.010096308,-7.31E-05,-0.000328607,-0.001572813,0.001991844,-0.002046575,-0.003945429,-0.000650473,-0.001877508,-0.000308637,-5.07E-05,0.000279521,0.000612982,-0.000162864,-9.47E-05,-0.000277414,-0.000855637,0.000870429,0.002544335,0.000237746
-0.011298064,-0.001095076,-0.000162135,0.001273622,-0.003696202,0.002959684,0.000628989,-0.000765474,0.000643907,-0.001409326,0.000594169,-0.003237091,0.001565614,-0.000441828,0.000948034,-0.00171675,-0.000810239,0.000543783,-4.51E-05,0.000502877
0.003556168,-0.001031635,-0.005621423,0.000147666,0.002712337,-0.000857603,-0.000469416,-0.000692756,0.000843926,-7.55E-05,-0.0011825,-0.00060713,-8.02E-05,-0.000670731,0.001810776,0.000997162,-0.000403558,-0.001122444,-0.000819551,0.000915404
-0.011232377,-0.00075835,0.001297068,0.002040787,0.001379468,0.000325951,-0.001825977,-0.000895171,-0.002216486,-0.001618349,0.002402291,0.001011284,0.001849206,-0.00273133,0.001142196,0.001273489,-0.000498917,0.001023264,-0.00154464,-0.002385639
0.009553983,-0.009405614,-0.001842595,-0.001710452,-0.004632129,0.002015009,-0.000798768,-0.00297258,0.002321202,-0.001153259,0.001270285,0.000295712,0.000313969,-0.000181494,0.000636976,-0.000413201,0.000450819,0.001643755,0.000329519,-0.001333216
0.005967459,-0.008474426,-0.004328668,0.002565659,0.00075187,-0.000246803,0.002501707,0.000689394,-0.000307116,-0.000650556,-0.00251357,-0.000419806,-0.000931206,0.000376913,-0.001407778,0.001074096,-0.000586903,-0.000471072,0.00034153,-0.000609725
-0.009344041,0.001803409,-0.003336541,0.000468918,-0.001422865,0.001221733,0.001537774,-0.000245489,0.000268475,6.63E-05,-0.001998695,-0.000365653,-0.000649158,-0.000301691,0.002010686,0.00051372,7.16E-05,-0.000841661,0.001699631,0.000615623
-0.012899124,-0.002254846,-0.000286856,0.000645959,-0.002469236,-0.003359172,0.000462666,-0.000270058,-0.000325643,0.001144402,-0.001705547,0.000447969,-0.00014123,-0.00158422,-0.000551432,0.00028804,-0.000302097,-0.000479011,0.00021911,0.000387046
0.007267418,-0.007399566,-0.002743601,-0.001260692,0.001523569,-0.00138418,-0.000430552,0.000983144,0.000266875,-0.00096132,-0.000748987,-0.001508605,-0.001986231,-0.000741272,-0.000364008,-0.000971188,0.000171168,0.000202548,0.001009224,-0.001249322
0.006713769,0.002260735,-0.007775295,0.000258958,-0.000890331,0.000572346,-0.00241783,-0.002119008,-0.000800218,-0.002613016,0.00054522,-0.00151089,-0.002143691,-0.001582062,-0.00023712,-0.000126426,0.000164659,0.000136705,-0.001268792,4.81E-05
-0.011099053,-0.001498955,-0.000266415,0.002731867,0.000934023,-4.59E-05,0.000756791,-0.000640875,-0.00071722,0.00028743,-0.00023922,0.000184461,-0.000400391,-0.000951811,-0.001139131,0.000254795,0.000196334,0.000109481,0.000343392,0.00080754
-0.013216,-0.00232617,0.00234054,-0.000341644,-0.00336879,0.002567304,-0.002624656,-0.001204492,2.46E-05,-0.00032953,0.000868576,-0.000878778,0.00075275,-0.000583665,-0.000335167,-0.00085744,-0.001901446,0.000343642,-2.58E-05,-0.00094121
0.007974489,-0.008726509,-0.000906505,-0.003413229,-0.003117676,-0.000393809,-0.002424765,-0.000306349,-0.002897681,0.004746664,0.00209024,-0.000952544,0.000941715,0.000676449,-0.00105509,0.000325636,3.30E-05,0.001602124,0.000164135,0.000222772
-0.011031801,7.14E-05,-0.000787906,-0.000538234,-0.002828838,0.000648318,-0.000955597,-0.001766313,-0.000232063,0.000787117,-0.000951922,-0.000763201,0.000495935,-0.001038293,0.002367582,0.000703207,-0.001331425,0.00077675,0.000374174,0.000193224
-0.009934649,-0.002891511,0.001110124,0.003032868,-0.000162956,-0.000627849,0.002941069,-0.001735724,-0.001578156,-0.002998153,0.00063789,-0.001623893,-0.000716647,-0.000329266,0.003015931,0.002069162,-0.000812909,0.001278838,-8.34E-06,0.000274561
0.005702457,-0.000695163,-0.008204365,0.001610959,0.000356389,-0.002168032,0.000582843,0.002171348,-0.003044953,0.002781387,-0.000318766,0.000619995,0.001564254,0.001409747,-0.000389066,0.001857251,0.0008878,-0.001406161,0.000201169,-0.001572946
0.006520531,-0.002770826,-0.008181535,0.002236507,0.001540572,-0.001145622,0.000216847,-0.00103725,0.000476221,-0.000367077,-0.000102778,-0.001338456,0.000252133,0.000145475,-0.000167192,0.000622137,-0.000339185,-0.000179251,-0.000628916,0.001643203
0.005932582,-0.007766417,-0.003723147,0.002886685,-0.00060704,0.002066452,-0.000205819,0.000553392,-0.002737465,0.002831176,0.001728854,0.000169216,-0.000790288,-0.000138939,0.000920399,0.001535997,8.53E-05,1.36E-05,0.000213008,0.000771588
0.008654871,-0.006887461,-0.000751635,-0.006502381,-0.002664561,0.002416756,0.000146079,0.001790837,-0.001178592,-0.000215045,-3.24E-05,0.001923504,-0.002061505,-0.001928263,-0.001581684,0.001086847,-0.001391262,0.001227656,3.74E-06,-0.000132579
0.006989785,-0.007051694,-0.002452746,-0.002827208,0.001535631,0.000436103,-0.002684744,0.000198316,0.000503351,-0.001261029,-0.000134758,-0.001865754,0.000830656,0.000599195,-0.000612173,-0.001983149,0.002311537,0.000844941,0.000486122,-0.000102175
0.005256917,-0.007817739,-0.003327696,-0.001228745,0.003140035,0.000719341,0.000263368,0.001562657,-0.001286178,0.00320731,0.000538452,-0.000755675,-0.000333962,0.000196913,-0.000492839,-0.0017776,0.001903588,-0.00069475,-0.000960936,0.000658783
-0.010523128,-0.003232829,0.001603733,-0.002454176,0.003578438,-0.002229802,-0.000913282,-0.002634638,-0.001430749,-7.30E-05,0.000656123,0.001194716,0.00086218,0.000146285,-0.001402684,-0.001242447,-0.001960877,-0.000623205,0.001241906,-0.000701585
-0.011371691,0.003811377,-0.005481983,-0.001608071,-0.000118622,-0.00197514,0.000352387,1.59E-05,-0.001695196,-0.001827349,-0.000202124,-0.00073146,0.001792629,-0.000453589,0.001944681,-0.000277541,0.000483811,-0.000972181,0.000133236,0.001210968
0.006025198,-0.004365429,-0.005682464,-0.002175697,-0.001732536,-0.00160389,-0.000630642,-0.002777382,0.00143971,0.000877499,0.003429658,5.46E-05,0.000301493,-0.00334008,0.000931745,0.004362627,-0.0023402,-0.001388894,0.001687508,0.001200757
0.006054369,-0.007275103,-0.002965321,-0.00327386,0.00247754,0.000510398,1.74E-05,0.002289339,0.001569722,1.19E-05,-0.001602449,-0.001371678,-0.001004285,8.35E-05,0.000201162,-0.000325784,0.000637861,0.001217018,0.000696654,0.000568911
-0.009694347,0.006671835,-0.00554322,-0.003112056,-0.001509317,-0.00069243,0.00030414,-0.0010096,-0.001849362,-0.000605893,-5.40E-05,-0.000281052,0.001123851,-1.98E-05,0.003334584,0.001812488,-0.000428558,0.000202387,0.001413726,-0.000290928
-0.00928362,-4.30E-05,-0.002563143,0.000579184,-0.000927461,0.001108722,-0.003630013,-0.002795888,-0.001802451,0.000335935,0.000239986,-0.000557876,-0.000408251,-0.001241526,0.0032012,-0.000871689,-0.001453286,0.000347803,0.000220043,-0.001732501
-0.001804388,0.004665624,-0.002297914,-0.00390958,-0.007106773,-0.00112585,0.001739648,0.001904123,2.42E-05,-0.002039932,0.002583234,0.000111239,0.003335903,-0.004667026,-0.003071914,0.001515661,0.000603125,0.000398029,0.000352527,-0.001074769
-0.012153454,0.001214184,-0.001641028,-0.000943717,-0.005198826,0.001587402,0.000227235,-0.00013421,-0.001192011,0.000441152,-0.00087896,-0.003106754,0.000707525,-0.000406437,-0.000860713,8.51E-05,-0.000579553,-0.000773226,0.000501338,-0.00254312
0.006289406,-9.33E-05,-0.00752208,0.00225255,0.000219687,-9.77E-06,-0.001117821,-0.002154731,0.000653742,-0.000381826,0.000731581,-0.000391153,0.001319895,0.000705399,-0.001087818,0.000323847,-0.000605789,-0.000783248,0.000123513,0.002258147
0.006971902,-0.010424749,-0.000978408,-0.001629513,0.003454231,-0.002349231,0.000695139,0.000633731,0.003274807,-0.000581178,-3.56E-05,-0.000363189,0.001591222,0.001407152,0.000816668,-0.001510368,0.001456165,-0.000571649,0.000655393,-0.000897559
0.003365727,0.008729165,-0.008147797,-0.003087912,-0.000224421,-0.004494486,0.003710652,-0.000384834,-0.000990865,-0.001555834,0.001016341,-0.000966171,0.00043729,-0.000903575,-0.001426185,0.002628305,0.000207746,-0.001793085,-0.001136881,-0.000374757
0.007823774,-0.004170713,-0.003140269,-0.002490176,-0.004128819,0.001267821,0.000752275,-0.002642017,-0.001091359,0.00037991,0.000690903,0.000131549,-0.000587636,-0.001391778,4.24E-05,0.000844062,0.000772678,0.001870878,-0.000139196,4.95E-05
0.008378286,-0.008800089,-0.00172746,0.003194722,-0.001136645,-0.000663441,0.000876227,0.002147607,-0.002931989,0.003785095,0.001507369,-0.000763717,0.001026884,0.000223226,0.000295886,0.000101376,0.000965779,0.001092741,-0.000498032,0.000124313
-0.01326043,0.00220656,-0.001386313,2.92E-05,-0.005899135,3.17E-05,-0.001791737,-0.000294793,-0.00121777,-0.000380233,-0.001571194,-0.001941272,0.001457305,-0.000401737,0.000119991,-0.001159364,-0.000686728,0.000134372,0.000406267,1.12E-05
0.004978878,0.000679804,-0.007087437,0.000385578,0.001903215,0.001459115,0.001741574,-0.001812277,0.00024804,-0.000471447,0.00245974,-0.000569846,-0.000463251,0.000726827,-0.00263099,-9.13E-05,0.000387448,0.001489257,-0.001131491,-0.000175462
-0.011172148,-0.003634464,0.000714488,0.003963767,0.000437771,-0.002219744,0.002548383,-0.001319446,-0.000273629,0.001037967,-0.00035387,0.00088642,0.000308731,-0.001836961,0.000409576,0.000249046,4.61E-05,0.00040927,0.000271472,0.000992782
0.007616553,-0.005122372,-0.005381805,0.003286851,0.000683632,-0.001060107,-0.002726635,0.001099598,0.000818108,-0.000155149,0.000612888,-0.001124067,5.72E-05,0.000460174,-0.000912702,0.000373155,0.000728334,0.001604258,-0.000900666,-0.000722602
0.005028297,-0.005838592,-0.00543307,0.001460439,0.003720923,-6.07E-05,-0.001615756,0.001633824,0.002637467,-0.000547176,-0.001288021,-0.000634983,-0.000596489,0.00044275,0.001198676,0.000545031,-0.001051113,-0.000389131,-0.000551257,-0.000858374
-0.012171874,-0.004397914,0.002209756,-0.001330311,-0.000313698,-0.002180151,-0.000886152,-0.001750293,-0.000695614,-0.00088475,-0.001690127,-0.000173319,0.002022015,-0.000500565,-0.000877713,-0.000601498,-0.001280626,-0.000987027,-0.000663604,0.000451555
-0.009199893,-0.005715937,0.003197185,0.001269733,0.000127623,0.001355481,0.002856662,0.000686437,0.001156296,-0.000778635,-0.000217444,-0.001345364,0.000108034,-0.000816133,0.002825975,0.000327917,0.000228475,0.000223004,-0.001462658,0.000253533
-0.006898027,0.00372009,-0.004545926,-0.002273931,0.002609286,0.00530782,0.001643017,-0.002489515,0.000654305,-0.000199726,0.001488586,-0.000971596,-0.000101099,-0.000734943,0.002026253,0.00106491,0.001634194,-0.00106166,-0.000359005,0.00141468
-0.012382144,-0.001961499,0.001528656,-0.003142315,0.000782684,-0.003376168,-0.001252733,-0.000632517,-0.000128044,0.000766208,0.000326703,0.001298872,0.000880682,-0.000819053,-0.001203282,-0.000826605,-0.00248773,0.000903382,-0.000369567,-0.000454078
-0.012561476,-0.001584781,0.006260372,-0.002587404,-0.005015452,-0.003740204,-0.004375478,0.000858419,-0.003890355,-0.002574523,0.000248377,-0.001496232,0.000885743,-7.83E-06,-0.00194611,0.001550313,-0.000185792,0.001025441,0.000183303,-0.000220732
-0.013743839,0.003735211,0.000845677,-0.002343574,-0.001595774,-0.006050181,0.001985474,0.001026578,-0.00094649,-0.000955298,0.001036109,-0.000429851,0.001965159,-0.002032295,-0.000114645,-6.44E-05,-0.000750165,0.000486401,-0.001083757,-0.001521093
0.00646203,-0.008210869,-0.002317148,-0.001827316,0.001995545,-0.000982606,-0.004343549,-0.000453781,0.002055059,9.23E-05,0.000617194,-0.001596993,-0.001278145,0.000248031,0.000310361,-0.000486175,0.00119671,0.000954516,0.000317482,-0.000500007
0.009727343,-0.006619352,-0.000758271,-0.002851464,-0.003926816,1.97E-05,-1.40E-06,-0.000410532,-0.000143955,-0.000146746,-4.76E-05,-0.000667419,-0.00110011,-0.000351655,-0.001447938,0.001219774,-7.89E-05,0.001842454,0.000550449,-0.001360029
0.009078021,-0.013507946,0.00202845,-0.004905454,-0.002429604,-0.001015966,-0.001773872,-0.000392154,0.001870012,0.000502796,-0.001103132,0.000581731,0.000214061,0.00012924,-0.000792868,0.001771868,0.000550617,0.000718426,-0.000492043,-0.000291004
-0.009639024,0.00146074,-0.002894589,0.001757211,0.002176518,-0.001491518,-0.001467359,0.000250306,-0.001792866,-0.000545799,-3.58E-05,0.000782034,0.000274665,-0.001816446,0.000990538,-0.000646361,-0.001667892,0.000416432,0.000283852,0.000158972
0.009090015,-0.007650264,-0.002784795,0.003773157,-0.001985686,0.000203873,-0.001462458,-0.002786164,-0.000899561,-0.00251792,0.000305924,-0.001136737,4.96E-06,0.000582511,-0.000958801,3.93E-05,0.00183522,0.001383963,-0.000258234,-0.000989952
0.007230974,-0.003851791,-0.007247069,-0.004562037,0.00072412,-0.00100231,-0.002637538,-0.0010346,0.001645572,0.00030238,-0.000746959,0.002580144,0.001481223,-0.000315352,-0.002820223,-0.001146962,-0.000910169,-0.000651937,-0.000343701,0.000618664
-0.010306834,-0.001525271,0.002076866,-4.94E-05,0.003207967,-0.003031297,-0.001196327,-0.001784274,-0.001840184,0.00060601,-0.000179928,-6.25E-05,0.000215045,-0.000185276,0.000324055,0.000126769,-0.002120494,0.000972765,0.003100862,0.000376464
-0.010644989,-0.000256697,0.000104037,0.00028084,0.002331104,-0.002526398,0.005231339,-0.003922238,-0.001085192,-0.000503183,0.001143242,-9.39E-05,0.00089915,-0.001907333,-0.001218851,0.000594948,6.31E-05,0.001876847,-0.001537619,-0.001945263
0.006846964,-0.004811274,-0.004704925,-0.000538344,0.002178189,0.00294933,0.003531046,0.00181679,-0.000103962,-0.000367272,-0.000994795,0.000767078,0.001790647,-0.001017653,-0.001649379,0.002510914,-0.001523121,-0.001158953,-0.000895098,-0.000721657
0.008228261,-0.010742686,-0.000520005,0.002112843,-0.001163442,0.000918204,0.003376214,0.002849402,-0.000219326,0.001169534,-0.000958968,-0.000940468,0.000745765,-0.000614748,-0.001012349,0.000875751,0.001877927,-0.000146455,-0.001215195,0.000549062
-0.012631704,0.000982229,-0.001266486,0.001000663,-0.002340294,-0.002453435,0.001166424,-0.000401815,-0.00112149,-0.001369797,7.85E-05,-0.001148429,0.001406768,-0.002660755,-5.39E-05,-0.000172656,-0.000757338,0.001493558,-0.001354519,-0.001078151
0.009495734,-0.009215419,-0.001563392,-0.000392339,-0.004927002,-0.000180631,-0.001556851,-0.002404449,0.000864121,-0.001231255,0.000512867,0.000543997,0.000306999,-0.000724921,-0.000194824,-0.000469349,0.000473442,0.001401082,0.000200555,-0.000300204
-0.011145365,-0.000124224,-0.000233988,0.001724462,-0.001428154,0.001757158,0.001810191,0.002248451,-0.000441873,-0.00082875,-2.56E-05,-0.003550039,0.000107886,-0.0029803,-0.000803444,-0.000882107,-0.00054757,-0.000709794,0.000632064,0.001307469
0.008274818,-0.007666966,-0.003122562,0.001389491,0.000467601,-0.001692839,-4.47E-05,0.000923258,0.001133037,-0.000386653,0.002388103,-0.001534749,0.00204088,-0.000291221,-0.000342674,0.001490015,-0.001454717,-0.000727208,-0.000619257,0.000314139
0.007073729,-0.007225935,-0.00290376,0.001247212,0.002414449,-0.001748379,3.42E-05,0.002428155,0.000219254,-0.002176768,-0.001695839,-0.000755394,-0.001546652,0.000277732,-0.000913085,-0.001156295,-0.000418602,0.001168853,0.000115251,-0.000375741
-0.010503805,0.002858481,-0.004134577,-0.004298728,-0.00183744,-0.001503407,0.000601055,0.000827846,-0.001314978,0.000757287,-0.002077739,-0.000845402,0.001372195,0.001817922,0.001707321,0.000781021,-0.00065431,-0.000475403,0.000919698,0.000329233
-0.011869412,0.002953569,-0.002644735,-0.004223157,-0.00220023,-0.002390194,0.001395919,-0.000320665,-0.000147241,0.000222451,-0.000266714,-0.001790835,0.000992716,0.000268241,0.000794614,1.94E-06,-0.001664496,0.000463302,-0.000239634,-0.000572763
0.006133757,-0.00501891,-0.00360682,0.00129756,-0.000385404,-0.000190674,0.003924165,-0.00059694,0.001239375,0.000588282,-0.000430175,0.00121555,0.001069252,0.000419049,-0.002490386,0.000392489,-0.001044648,-0.001435053,0.000309885,-0.000437739
0.006980828,-0.009126573,-0.003706012,0.004116153,0.00118741,-0.000685875,-0.000913093,0.000901597,0.002867457,-0.000504576,-6.86E-05,-0.001758983,0.000765947,0.001589724,-0.000534147,0.001110445,5.93E-05,0.000833174,-0.001351651,0.000674907
0.006122193,-0.004263359,-0.004426351,0.000383004,-0.000500376,0.003044483,0.003710003,0.001756568,-0.002918385,-0.00163238,-0.002849846,0.001342915,-0.000768034,0.000240741,-0.001898014,0.000443217,-0.002765112,-0.000921732,0.00052283,0.000347699
0.002823442,-0.008755125,0.00024648,-0.003263409,0.004123154,0.004362884,0.006646566,-0.00368441,0.000602527,-0.003115099,-0.000818729,0.001539312,0.002483438,0.001895187,0.005589532,0.000367011,0.002085592,-5.12E-05,0.002601241,-0.001968568
-0.010287304,-0.001298184,0.001385806,0.002637603,-0.000367641,0.003569178,0.000471184,0.000770437,0.000892906,-0.000145822,0.001722673,-0.001950312,0.001233938,-0.001792104,0.000476211,0.001859155,0.000134011,0.000737518,-0.000113436,0.000142178
-0.013813028,-0.000475913,0.000867784,-0.001934039,-0.001105364,-0.004373107,-0.000954176,-0.000374992,-0.001972737,-1.93E-05,0.00025068,0.000726392,0.001147086,-0.000945027,-0.000571991,0.000510162,-0.00291498,0.00047474,0.001004601,0.000266805
-0.011614847,0.000210523,-0.001141367,-0.001481455,-0.005068004,-0.000867743,-0.004028962,0.000490123,-0.001298681,0.000283256,-0.00106819,0.000326836,0.000613791,0.00127748,-0.000377636,0.000699607,2.74E-06,0.002560727,0.000852279,0.001317984
0.010074481,0.005939111,-0.001164196,0.002268579,0.000417972,-0.000210509,-0.001615177,-0.002494855,-0.000666722,0.000433029,-0.001929029,-0.001819446,0.000247623,0.001387934,-0.001448341,-0.000827534,-0.000125274,0.000664553,0.000618169,0.000724702
0.008507098,0.007847983,0.000620882,0.001967977,0.003231795,0.000400443,-0.000507539,-0.001117743,-0.001094059,-0.000154182,-0.002760851,-0.003193199,-0.002130196,-0.000875307,0.001052635,0.001911907,-0.001155991,-0.001123912,-0.000176343,-9.54E-05
0.009857104,0.005022619,-0.002283837,0.000926221,0.000188654,-0.002295137,0.004425531,0.00157945,-0.000736759,-0.001533385,0.000409183,0.000635153,-0.001002551,0.001382762,-0.001061348,0.00044457,-0.00111472,-0.000269175,0.000275627,0.001581752
0.011918611,-3.55E-05,0.004829607,-0.00503284,-0.00356735,0.003645512,-0.001757113,0.000988595,0.002818261,0.00017247,0.002149781,0.002926336,0.002143357,-0.002793495,-9.86E-05,0.001473337,0.000389712,-0.000764266,0.000741534,0.000808153
0.008686513,0.006689688,0.001268797,0.002232879,0.003414571,0.002068122,-0.003684925,0.001010304,-0.000721445,0.001688872,-0.000942777,-0.002375541,-2.66E-05,0.000452582,0.000541401,0.000824036,-0.001660396,0.001554967,-0.00089976,-0.001275255
0.011299579,0.001016957,0.003820701,-0.002313616,0.003261758,-8.63E-05,-0.004931975,-0.001495467,0.001861913,0.000847959,-0.003050924,0.000126657,0.003038845,-0.000399357,3.20E-05,-0.000490028,0.001056504,4.20E-05,-0.000335016,-0.001292496
0.013354979,0.007849183,0.004449757,0.000786065,-0.002416107,0.00060552,0.001793161,-0.003145243,-0.003624813,0.004615764,-0.000469589,-0.000459475,0.002019482,-0.001472303,-0.000481632,-0.000945816,0.001748042,-0.000439365,-0.001315879,0.000282142
0.011784622,0.001061943,0.001974168,0.000245751,-0.003386529,-0.001915797,-0.001960136,-0.001003354,-2.56E-05,-0.000527821,0.000598056,0.001024332,-0.003293047,0.000975726,-0.001720518,-0.000465303,0.001026619,0.001170736,0.0005727,-0.000516632
0.012302814,0.004611458,0.003921375,-0.000111705,-0.001198171,0.003993965,-0.001095359,-0.003068957,0.000594351,-0.000230091,-0.001692128,0.000235614,0.000635253,-0.000744024,-0.001544818,0.000239002,0.001730525,0.000906974,-0.000186733,-0.001555053
0.009652957,0.002793834,-0.001567092,0.004089583,-0.000440257,-0.001190219,-0.001595502,0.000182635,0.000179795,-0.001041507,0.002790499,-0.00080341,-0.001984374,0.001509224,0.000514356,-0.001663125,-0.002139953,0.000359059,0.001007277,-0.000973398
0.013340107,0.012533372,0.003271102,0.000277113,-0.00148219,-0.003706537,0.000585219,0.001352597,-0.000267711,-0.00061643,0.00037123,-0.002977219,-0.0011877,-0.000543751,0.000305889,0.003043965,0.001154736,-0.000856379,0.000561703,0.00143772
0.009461379,0.002287212,0.000384973,0.002844317,-0.00024181,-0.00178635,0.000862302,0.002882448,0.00018585,-0.001390443,0.000789671,-0.00067422,-0.003379026,-0.000904482,0.000844884,-0.000318304,-0.000152064,-0.002070076,-0.000742478,-0.00072351
0.012289616,0.009802669,-0.00021323,0.001295062,-0.000854453,-0.002074376,0.001540973,0.000914099,-0.001653616,-0.002941644,0.000971993,-0.000846858,-0.002556499,-0.000793572,-0.000179426,-0.000971805,0.000680544,-0.001394321,-0.00089185,0.000327837
0.012307672,0.001638871,0.001623196,-0.001859938,-0.003582884,-0.002886974,0.001637406,-0.001417242,0.000231257,-3.78E-08,0.000159217,0.000707064,-0.003547988,0.000734746,7.18E-05,-0.002111294,-0.000516399,-0.000831613,8.19E-05,-0.000839264
0.012629705,0.007121928,0.003787265,-0.004335942,-0.001636,-0.004037748,3.50E-05,-0.000430546,0.000726457,-0.000583027,0.002818619,-0.000581448,-0.003216139,-0.001917441,0.000245456,0.000609858,-0.000777897,-0.000295651,-0.000604887,-0.000177876
0.008994978,-0.000193412,0.000776649,-0.004216583,0.001202159,-0.001842868,-0.001409691,0.000600915,0.000339592,-0.000751175,0.000948069,0.000303609,-0.002238533,0.000830201,-0.000251949,-0.001608022,-8.09E-05,0.000705506,1.04E-05,0.000950624
0.009058609,-0.000228141,-0.000417232,0.0023662,0.000607355,-0.000446261,-0.001206324,0.00255964,0.002091396,0.001198906,0.002268058,-0.000105168,0.000741072,0.0021054,0.001341147,-0.001860993,-0.001379508,0.000725088,0.000145679,-0.0002618
0.012226171,0.002121179,0.004729391,-0.005598039,-0.000522791,0.000919203,0.001097047,0.00229793,-0.001132488,-0.001142176,-0.000756028,0.002709118,-0.001852086,-0.001040641,-0.001801839,0.000486975,-0.001426427,-0.000142911,-0.001089415,-7.32E-05
0.012378052,0.003798102,0.003973251,0.002526829,-6.19E-05,0.001004136,0.000375638,-0.001906776,-0.000856904,0.000427657,-0.004110668,-0.001580668,-0.001426655,0.000563838,-0.002734359,0.000692271,-1.66E-05,-0.001351984,0.000385793,-0.001910408
0.012327398,0.000942696,0.003675272,-0.00299539,-0.003686556,-0.000408801,-0.003826807,-0.001529007,0.00259648,-0.000948938,0.002506967,0.000781118,0.000659381,0.000770166,0.001721892,-0.000258598,0.000236693,0.001213102,-9.18E-05,-0.00010197
0.009658419,-0.001165703,0.000286592,-0.002251103,0.001596258,-0.002619167,-0.001258785,0.001420437,-0.000152756,0.001591395,-0.000506391,0.000178968,0.000189283,0.000532418,-0.000417924,-0.002104306,0.001559538,-0.000715685,0.000305925,0.000275231
0.012524057,0.004394679,0.002417458,0.00235709,-0.002109997,-0.000923476,-0.001662808,-0.002942583,-0.000334506,-0.002119838,0.000703576,0.001106824,-0.001113864,-0.000616814,0.002454758,-0.000925145,0.000386972,-0.00016539,0.000314178,-3.65E-05
0.008970876,0.00903023,-0.000267218,-0.000914846,-0.000777809,0.001654634,-0.001274382,-0.002405867,-0.003858925,-0.001486152,-0.000965387,-0.000488126,-0.001345715,-0.00187473,0.002386399,-0.000342467,0.001270154,-0.000562759,-0.000663572,0.000836624
0.01278426,0.004800088,0.000877599,-0.00069179,-0.003145443,0.000528509,0.001222146,-0.00137338,0.003672748,-8.90E-05,8.31E-05,0.000384688,0.000734144,-0.000574017,-0.000361231,-0.000864542,-2.50E-05,0.000353602,0.000630559,0.001045604
0.012723224,0.00317334,0.004675964,0.002384241,0.002479629,-0.001477481,0.00046439,0.001396747,0.000487161,0.000352558,-0.00304392,-0.002631094,-0.000544995,-0.000760988,-0.001221923,0.001487291,0.000491846,-0.002326894,-0.000707314,-0.003601151
0.01193993,-0.001155277,0.005064455,0.002286311,-0.004167665,-0.001277786,0.000399263,-0.000841042,0.00068807,0.000733725,0.001264029,0.00193774,0.000815811,0.001132414,0.000567343,4.38E-05,0.0003686,3.70E-05,0.001262623,-0.001228128
0.01095653,0.001166364,0.001770608,0.001907323,0.000106187,0.001012612,0.000596153,0.00462891,-0.000246388,-7.34E-05,0.000823085,-0.000654326,0.000836228,0.001689131,0.000892066,8.20E-05,-0.000340376,0.001441807,-0.001923039,0.000617592
0.010622876,0.003832377,0.004356466,0.000679549,-0.001904154,0.001523057,0.002547784,-0.002949387,-0.002684353,0.003769888,0.00101364,-0.001129975,-0.000748388,-0.000361248,0.000297865,-0.001840303,-0.000142015,0.00086178,0.002271648,-0.00096289
0.013252561,0.008021766,0.002530765,-0.005536287,-0.000484164,0.000791218,-0.001232825,-0.000534611,0.001575715,0.001499621,0.00026726,8.94E-05,0.000775955,-0.001292781,-0.001115233,0.000786033,-0.000927461,-6.84E-05,-0.000590444,0.00149327
0.009911272,0.005058684,0.000247016,-0.000444694,0.003177084,-0.001790676,-0.001328057,0.001325739,0.002099365,-0.000854687,0.001029069,-0.00112747,0.000159488,-0.000376754,0.001284479,-0.002979379,0.000446526,9.31E-05,0.000482524,-0.000693307
0.010946405,0.00131592,-0.000843868,0.003967771,-0.000726443,-0.002261241,0.003094057,0.001747187,-0.001403509,-0.001378895,0.001685677,-0.000157115,-0.002341522,0.001706892,0.000288118,-0.001131985,-0.000979245,-0.000903639,-0.000248453,-0.001540031
0.011153039,0.0018544,0.001426502,0.004644423,0.001758739,-0.003091236,0.002053363,-0.001504909,0.001377047,0.000392271,-0.002742804,-0.00188356,-7.42E-05,0.001757805,0.001043986,0.000306064,-0.001214732,-0.001001239,-0.000345775,-0.001254209
0.006682839,0.00562615,-0.003624092,-0.003444738,0.001226751,0.006070782,0.004654431,0.004166583,-0.004505286,-0.002129596,-0.00050164,0.00312512,-0.000946405,-0.000403412,-0.000978801,0.000248255,-0.003088533,0.00129239,0.000265505,0.001344078
0.007809503,0.004521976,-0.004105311,0.002542528,0.000465925,0.000995806,-0.001655705,0.000289724,0.000922944,-0.000759817,0.000461823,0.000840975,-0.000209011,0.001400121,0.000102304,-0.000640995,-0.002815387,5.78E-05,-0.000186076,0.001171311
0.008994456,0.004829609,-0.001469045,0.003013898,0.004018805,-0.000201442,-0.00344482,0.000338441,0.001197481,3.25E-05,-0.001155423,0.000442854,0.002817687,0.000612297,0.000867454,-0.001494424,-0.001390715,-0.000313304,-0.000727759,-0.0006986
0.0106778,-0.003779809,0.001044994,-0.000580373,-0.004893286,-0.001242574,0.000191112,0.000305837,0.002143257,2.19E-05,0.002521089,0.002123412,0.001009295,0.001332817,0.001774926,-0.001457164,0.00060766,-0.000481218,0.001687347,0.000861296
0.00898647,0.00374717,-0.002250234,0.00273655,-0.000112374,-0.001998629,0.001365027,0.002191118,-0.001480945,-0.001081819,0.001028492,-0.000565891,-0.00262663,0.001468755,-0.000282175,-0.000929013,-0.000820208,-0.001251276,0.001627444,0.000222827
0.010114926,0.005956352,-0.003137549,0.002200929,0.000498924,-0.001870347,-0.002501414,-0.00201609,0.000219522,-0.001535031,-0.000110535,-0.000123285,-0.000439141,0.001022886,-0.001191777,-0.000582787,0.000735306,-0.000671441,0.000462376,0.000445876
0.012030867,0.004540383,0.002988946,-0.001691931,-0.001925423,-0.00076138,-0.000377568,-0.001538213,-0.002301374,0.004718495,0.002304422,-0.001164015,-0.000499567,-5.15E-05,0.000985022,-0.00037584,-0.000725334,0.000738292,0.001279573,0.000839691
0.012081126,-0.000239863,0.00508048,-0.002439197,-0.003116923,-0.002783367,-0.00359521,-0.000377129,0.002373046,-0.000487687,0.001572992,0.000752758,0.000811064,-0.000471691,7.17E-05,0.000937916,0.000773582,0.000579223,-0.000286773,0.001412916
0.008287053,0.002233669,0.000878443,0.000706128,0.00287678,0.000745861,-0.002295927,0.001633471,-0.002501996,0.001952586,0.000779941,-0.000432651,0.000730147,-0.000556572,-0.00018785,-0.001990207,0.001514967,0.001179072,0.000256094,0.000665733
0.012901676,0.0028659,0.00680977,-0.005129686,-0.001017896,0.000419977,-0.001341168,-0.001002694,0.003692549,0.00227412,-0.002058854,-0.000265498,0.00180393,-0.000606127,-0.000996922,0.000483227,0.000777755,0.000967551,0.000139943,-9.57E-05
0.010680845,0.001240685,0.00167265,0.001588699,-0.001876375,0.001479113,0.003588821,0.001698409,-0.003047957,-0.003826722,0.000122931,0.002959307,7.29E-05,0.000891357,-0.001744746,-0.002087556,0.000964356,0.000762728,-0.001086112,-7.06E-05
0.010847291,0.002444381,0.001706346,-0.000737862,0.004176104,-0.000727665,-0.000479513,0.002486718,0.003086612,0.00242874,-0.001748238,-0.000445498,0.002816361,-0.001080854,0.000144844,-0.001976883,0.001023037,3.83E-05,0.001006014,-0.001734323
0.011311835,0.003479229,0.002151831,0.002965989,0.000793081,0.00264242,-0.00087005,-0.001632618,0.001495714,-0.000520584,0.000422727,2.93E-05,0.002287231,0.000387081,-0.00145988,-0.000427461,-0.000656959,0.000761941,-2.45E-05,8.37E-05
0.008267095,0.001229056,0.002706284,-0.000304861,0.002767281,0.005423372,0.000916576,0.002326121,-0.000903237,-0.003585033,0.001674428,-0.000134309,0.000908084,0.000258519,0.001149251,0.002001351,0.000435267,0.002142223,0.000420066,-0.001454567
0.011248485,0.00270343,0.000966198,0.000561744,0.001537492,-0.000273551,-0.001310307,0.004031227,0.000133436,-0.000319675,0.000871856,-0.000431406,-0.001351049,-0.00081193,-0.001180372,0.000779443,-0.001043601,0.001252999,-0.000436673,-0.000797631
0.008653262,0.001845744,0.00041587,-0.003898677,-0.001448144,0.004304504,0.002877293,0.000901329,-0.000220443,-0.000965106,0.000785603,0.003268402,-0.002618053,-0.000926018,0.002052917,-0.001012407,-0.003160175,0.000732703,-0.000148439,0.001003147
0.008132589,0.00061166,0.000595962,0.001470998,-0.000722343,-0.000509285,-0.001508601,0.001060361,0.000785648,-0.001043133,0.002544957,0.00070214,0.000201018,-0.000305592,0.001852893,0.00137735,0.001017271,-0.000245465,0.001277773,0.000583754
0.010395029,0.00687326,0.001196249,0.00258216,0.002163239,-0.001172995,0.00044544,-0.001550285,-0.000817758,-0.000310748,0.000163345,-0.00043831,-0.001118879,-0.000504869,0.000699702,0.000859867,-0.002029047,0.000315237,-0.000777954,0.001085026
0.006010975,0.002475673,-0.001784056,-0.002089258,0.000604676,0.007625324,0.004903004,0.002567691,-0.003691354,-0.000899506,-0.001191532,0.003580544,0.00031387,-0.000373096,-0.000758828,0.000387448,-0.002719893,0.000863709,-0.000825849,0.001484676
0.011095171,0.006730898,0.001084481,0.002387151,-0.000622614,-0.000258257,0.001532291,-0.00253504,-0.000355453,-0.000107223,-0.00070796,-0.00040361,-3.76E-05,0.000279405,-0.001596732,-0.000275714,7.34E-05,0.000322902,0.000190002,0.000850223
0.008777796,0.006229354,0.000578506,0.003771037,0.002446073,0.002050702,-0.003828889,-0.00095244,-0.000137648,-2.62E-05,-0.00077599,-0.000891804,0.000880363,0.001541693,-3.49E-05,5.40E-05,-0.000653126,0.001449544,0.000467504,1.94E-05
0.012798395,-0.000676191,0.003480336,-0.006076271,-0.001376786,-0.001328904,-0.003148524,0.001186023,0.003067593,0.000214781,0.000870864,0.001687347,0.00071127,0.000982629,-0.000347344,-0.001136892,0.000283401,0.00078696,0.000281876,0.000918818
0.012598338,-0.000956748,0.006455631,-0.004558305,-0.003160903,0.001172001,0.000570107,0.001091644,-0.001212094,-0.001790501,0.00115913,0.002370857,-0.001601757,-0.002214513,-0.000135371,0.000841529,-0.000646005,0.001737151,0.000384341,-0.00045683
0.012499106,0.003654624,0.002459701,0.001177086,-0.003622585,-0.003518442,0.000668679,-0.001398878,0.000275218,-0.002567915,0.000951222,0.000474207,-0.001602817,-2.59E-05,0.001430386,-0.002001644,0.00016255,-0.000455442,0.000576622,-0.000146091
0.010262903,0.003494552,0.001772333,0.000690341,0.004004419,-0.001835925,0.00122597,0.001199777,-0.001064013,0.001000412,-0.00376543,-0.001448601,-0.003677552,-0.001885079,0.001118583,-0.000848602,-0.000438671,-0.000827599,-0.000337271,-0.001784266
0.012664032,0.00463813,0.00319278,0.001535267,-0.001654235,0.000200639,0.003477006,-0.002279935,0.000495749,0.000588852,-0.002982946,0.000127689,-0.000881099,-0.000854728,-0.001506538,0.000237888,-0.000623942,4.69E-05,0.001104161,-0.00111256
0.008431254,0.005390238,-0.001921792,0.00405007,0.002211792,-0.001981996,-0.0015457,0.001956165,-0.00039652,-0.000398005,-0.000603569,-0.000386595,-0.000928299,0.001488962,0.000487497,0.001164077,-0.000508424,0.00038204,-0.000851042,-0.001370367
0.011720059,0.003441835,0.001530935,0.003146815,-0.000484582,0.000336304,0.002454177,-0.001198732,-0.003381053,0.004864829,0.000371261,0.000621325,0.001617059,0.000138836,-0.00149656,-0.00166289,-0.000450831,-0.001127491,-8.30E-05,0.000535475
0.009938094,0.002085753,-0.002174431,0.001395457,0.000968008,0.000300208,0.001276478,0.002934149,-0.000524626,-0.001769226,0.000170023,0.00159753,-0.002013397,-0.000351764,0.000495101,-0.001915488,-0.001156061,-0.000601029,-0.000362864,0.000502927
0.009731747,0.00790519,1.61E-05,0.000579074,0.001540066,0.000174261,0.003454642,-0.002664147,0.001283207,0.000783221,-0.002706977,-0.001606535,0.001455165,0.001354321,-0.000945546,9.51E-05,-0.001463645,0.000929441,8.62E-05,0.000614461
0.011354379,-0.000361884,0.005142631,0.005068111,6.94E-05,-0.000277046,-0.000827599,-0.000649303,0.000151166,-0.000722444,-0.002600933,0.002457006,0.004091428,0.000924994,-0.001259704,0.001664639,0.001215726,-0.00028251,-0.000622905,-0.003081558
0.012896295,0.000172326,0.008503636,-0.003593574,-0.001512076,-0.003732239,-0.004327673,0.000418925,-0.00044475,-0.002338019,0.002554463,-0.000545173,-0.001942751,0.000217199,-0.000641366,0.002036555,0.003034767,0.002022103,-0.000929447,-0.000664937
0.010820809,0.001227051,0.004041466,-0.003794559,-0.003919135,-0.00316759,-0.000293069,0.001286478,-0.003631615,0.004247058,0.00275353,0.000401228,0.000119231,0.000205193,0.000606442,-0.000770814,0.000455408,0.000698947,0.000916625,0.000500566
0.008588963,0.001619597,0.00123788,0.001428053,0.00246225,0.000278566,-0.003728959,0.001132663,0.001345557,-2.72E-06,-0.000971074,-0.001591113,-0.000185236,-0.000970624,0.001522431,0.000469609,0.000858769,0.001124311,-0.001296098,-0.00045743
0.012463095,0.007342952,-0.001355838,-0.004207674,-0.002435155,0.001622328,-0.001130718,-5.32E-05,-0.00032618,-0.000912451,0.000204232,0.000258446,-0.001228312,-0.000192951,-0.000368657,-0.001116188,-0.000702915,-0.001076442,-0.000270401,0.0010095
0.008827742,0.001166088,0.003701529,-0.00223722,0.003660644,-0.002035331,0.0001133,-0.000298155,0.001553379,-0.000319358,-4.50E-05,0.000324061,0.001206205,-0.000433509,0.001930359,0.001057108,0.000880922,0.00075574,-0.000455316,0.000623716
0.013611433,0.005661058,0.003596971,-0.00607952,-0.002057473,0.001510259,0.000881294,0.003752608,6.65E-05,-0.00033205,0.000370915,0.000324515,0.000171699,-0.000393929,-0.000574176,0.001184838,0.000809978,-0.000306959,-0.001036226,0.00051693
0.007614949,-0.001077783,0.001979659,-0.003284783,-0.000124956,-0.000613064,-0.001115453,0.000191318,-0.003285536,-0.001937549,-0.000407943,0.000756535,-0.000907781,0.000852441,0.001571118,-0.000237856,0.001077736,-0.001176159,4.16E-05,-0.000407187
0.011342388,0.006409132,0.000430664,-0.004596109,-0.000418863,-0.001920201,0.003682352,-9.41E-05,0.002065052,0.001368582,0.000814025,0.000151621,-0.000126347,-0.001177113,0.001348036,0.000282039,-0.002154276,3.19E-06,-0.000637308,0.00167845
0.010976665,0.007631287,-0.000421283,0.002050865,-0.000905454,-0.000383936,0.000153552,-0.002894035,-0.000291358,-0.000434071,-0.000650547,-0.001489924,0.000103657,0.001280451,0.000270608,-0.001203706,-0.000458294,-0.00058458,0.000346043,0.000837624
0.011353611,0.001165528,0.004981115,-0.004086992,-0.002104583,-0.000560608,-0.005144243,-0.000875321,0.000712253,-0.000514666,0.001897457,-1.01E-05,-0.002169049,0.000698101,-0.002159048,0.000309791,0.001976649,0.000764663,-0.000274366,-0.000643591
0.010151558,0.004702003,0.000746333,0.000913277,0.003028851,0.00085415,-0.004725573,0.000238847,0.002664698,0.000432458,-0.002229402,-0.000631571,0.001623702,-0.000417498,1.43E-05,-0.001030473,0.00087552,8.11E-05,0.000728771,-0.001273879
0.012366131,0.00522672,0.005795933,0.003811483,-4.26E-05,0.000332676,0.002021479,-0.004193661,-0.001069197,0.000894011,-0.002884608,-0.00116251,0.000104583,-0.00083401,1.13E-06,0.000554939,0.000311923,5.51E-05,0.000860909,-0.000591726
0.011167892,0.003339455,0.006375731,0.000435854,-0.000637415,0.002064898,-0.001127111,-0.000697564,-6.37E-06,-0.001267971,-0.001927015,0.002024338,0.002003561,-0.000629144,-0.000237833,0.00282714,0.000717309,0.001736822,-0.000823803,0.001088525
0.010342496,-0.000897104,0.001636404,0.001524841,7.51E-05,-0.001128439,-0.003141797,0.002321767,4.95E-05,-0.000547175,5.92E-06,-0.00078506,-0.001914066,-0.001503904,0.002186164,-0.001995966,0.000849459,-0.000949928,-0.000654636,-0.001616395
0.013114314,-0.000310208,0.007786979,-0.004516945,-0.003770056,-0.00291079,-0.004060912,4.88E-05,-0.000595326,-0.003114144,0.003155298,0.000663804,0.001529629,0.000278681,-7.07E-05,0.001333814,0.001587435,-0.000691958,-0.001107783,0.000278774
0.010354223,-0.002672754,0.003741638,-0.003381107,-0.000338134,0.000645218,-0.002552124,0.000341304,0.001533115,-0.000504568,0.000332554,0.000970508,0.001205293,0.000926622,0.000510598,-0.000306162,0.000412472,0.000329748,-0.000743123,-0.001285574
0.014762879,0.007927319,0.005964626,0.002205628,-0.003944733,-0.000577163,-8.20E-05,-0.002629096,-0.000547579,-0.001108732,0.002121808,0.000713682,-0.00078709,-0.001665936,0.00050852,0.001806283,0.001262554,-0.00057172,-0.000338328,-0.000204012
0.010041763,0.009447979,-0.000773968,-0.000281202,-8.16E-05,0.002137964,-0.001253239,-0.002774331,-0.003569749,-0.000149192,-0.001043219,-0.000856935,-0.001979571,-0.000663377,0.002004167,-0.000731905,0.000279344,0.000740997,0.000320954,0.000863398
0.006464738,0.003476318,-0.00065093,0.002094313,-0.001613383,0.000112606,0.000504814,0.001198046,-0.002231015,0.001026292,0.001583576,0.001230931,0.000534763,0.001625466,0.001625868,-0.001496804,0.00039083,-0.001002183,-0.000163941,0.000822775
0.010757391,0.009400294,0.000209156,0.000943882,-9.99E-05,0.001774233,0.002870869,0.001216507,-0.002570565,0.000813959,-0.001750323,-8.72E-05,0.000766887,-0.000680016,-0.000576578,-0.000592164,-0.002028209,-0.000958095,0.000380418,-4.59E-05
0.007903053,0.005712358,-0.002317666,0.003618312,0.001614782,0.000358528,-0.003258269,4.62E-05,-6.75E-05,-0.000623439,-0.000452446,0.001169711,0.002625075,0.000881785,-0.000330911,-4.34E-05,-0.002339379,-0.000151881,-0.000852756,-0.000993171
0.00978731,0.007248756,-0.001159151,0.002735384,-0.00013628,0.001245169,-0.0026665,0.00165937,0.001333026,-0.002248941,-0.000556623,-0.000567182,0.001500296,0.000297841,-0.000461326,-0.000203149,-0.000936003,0.000229756,0.0001806,0.000556094
0.006966866,0.005494601,0.000383217,-0.000377823,0.000398461,8.48E-05,0.000367378,-0.004428429,-0.00138954,0.000855433,-0.00143615,-0.001506654,-0.000929491,-0.000555106,0.002627235,0.000506497,-0.000751897,-0.000788058,0.000753506,0.001692812
0.012381726,-0.000477684,0.00596541,-0.001543928,-0.0034559,0.004029083,0.000876897,0.000126856,-0.000570444,-0.000940016,0.000443172,0.001760768,-0.00082149,-0.000693331,-0.001337799,0.001612085,0.000664659,0.002018479,0.000373324,-0.001751336
0.009760806,0.008377265,-0.000641041,0.002091707,0.0002623,0.000670936,-0.000154812,-0.002131153,0.001112391,-0.000491023,-0.000543394,-0.001923347,0.000436541,0.000891053,-0.000388792,-0.001195934,-4.79E-05,-0.000357336,-0.000228697,0.001879401
0.011735484,0.002481812,9.55E-05,-0.004509006,-0.002033496,-0.00267444,-0.005817229,-0.0009266,0.002150484,0.001488317,0.001629911,0.000550049,0.000173868,0.001463254,-0.001206955,-0.000836442,-0.000340502,-0.001235942,0.000721529,-0.000458155
0.00954059,0.001360234,0.001428536,-0.001771121,-0.002952188,0.001530016,0.002535957,0.001735273,-0.002503049,0.002853509,0.002124419,0.00113463,-0.000780584,-0.000487511,0.001185961,-0.000934609,0.000205741,0.001463334,0.000305392,0.00098267
0.010705609,-0.000871435,4.33E-05,0.003634017,-0.003058381,-0.001397147,-0.000559717,-0.000580785,0.000119286,-0.002100243,0.001192124,0.001495634,0.000399506,0.001159796,4.54E-05,-2.53E-05,0.000204736,-0.001393893,-6.73E-05,0.000591696
0.014437625,-0.000442069,0.00958894,-0.003773618,-0.000722662,-0.002964488,-0.002564859,-0.000550711,-0.00085981,-0.002043043,0.001128655,-0.001995707,-0.00077972,-0.001100957,8.71E-05,0.000680289,0.002263592,0.001843982,-0.002092328,0.000349039
0.015802728,0.005691392,0.007343728,-0.001309382,-0.002386775,-2.47E-05,-0.001678689,-0.002314285,0.000895922,0.00120018,-0.000257448,-0.001127612,0.0007591,-0.002029004,-0.001119117,0.001573098,-0.000143997,0.001436337,8.90E-05,-0.0004287
0.005207831,-0.002786506,0.003753072,-0.00640975,0.001903796,0.007463321,-0.002324026,0.001637944,0.002199305,-0.001086688,-0.000582695,0.000642914,0.000354779,-0.001369634,0.000477491,0.001954756,0.000189182,-0.002213319,0.00179436,0.000361385
0.009611666,0.000708453,0.002434773,-0.002480806,0.003815519,-0.002734269,-0.001223676,0.0008642,0.002031563,2.60E-06,-0.001463519,-0.000188362,0.000424727,-0.001479522,0.000652274,-0.000659707,0.000982091,-5.98E-05,0.000481104,-0.000626972
0.010714021,0.002613321,0.003760357,0.004122583,-0.001145294,-0.001425331,0.002586796,0.000187635,-0.002265394,0.004216674,0.00170671,-0.001158671,0.003174115,0.000900052,0.000361718,-0.000411146,-0.000121294,-0.001061128,0.000129912,-2.45E-05
0.008653129,0.006053349,-0.001184914,0.00430563,0.002779119,-5.18E-05,-0.003048174,0.000602632,0.001491518,0.001677769,-0.003004125,-0.001983476,0.000372247,0.000295354,-4.44E-05,8.29E-05,-0.001136794,0.000249488,-0.000606667,0.000167349
0.010193643,0.008724244,0.00071624,0.00345224,0.001153664,-0.000506391,0.001893216,-0.00316876,0.000173669,0.000179675,-0.003540689,-0.000850083,-0.000616107,0.000413573,-0.001033548,-0.001224165,0.000972017,-0.001365817,0.001250333,-0.000772456
0.009709863,0.003262195,0.002096088,-0.001298192,0.003230502,-6.00E-05,-0.004579394,-0.000323596,0.001734507,0.000265414,-0.003521887,-0.00108921,0.000811494,-0.001513772,0.000616953,-0.00111773,0.001778045,-8.55E-05,0.0002137,-0.001545665
0.007983562,0.000168378,0.003560988,-0.003894932,0.005569206,0.00389239,0.000214644,0.001497009,0.000675738,-0.001855993,-0.001801421,0.000405226,-0.000308947,-0.001847392,0.002709289,0.000687338,0.001016316,0.002405635,-0.001009406,-0.003142051
-0.011698554,0.000591814,0.00257929,0.003058717,-0.002624084,-0.002784909,0.003138853,0.001583954,0.000213733,-5.65E-05,-0.001682951,0.000310991,0.000822734,-0.00065778,-0.000265581,0.000488104,0.000611546,0.00117177,0.000891191,0.000938259
-0.010606058,-0.001098387,0.003068734,0.000908984,0.000427152,-0.000834319,-0.001714591,0.002218691,-0.001132964,0.000148339,-0.00058837,2.48E-05,-0.00014513,-0.000120907,0.001371136,-0.003220191,-0.000368196,0.000613163,0.001179428,-0.000118121
-0.011086221,0.009114477,-0.005228332,-0.003917425,0.002354414,-0.003904106,0.002381721,-8.02E-06,-0.001720678,-0.00080161,-0.000566095,0.000944345,0.000140343,0.002655631,-5.90E-05,-0.001174033,0.00159152,-0.001394976,0.000201518,-0.001825017
-0.008535388,0.003343588,-0.003221338,0.000344962,-0.000136399,0.001836325,-0.000740696,-0.000909589,-0.000283057,-0.000833484,-0.000926628,0.000525977,-0.000511315,-7.77E-05,0.001979525,-0.000325124,0.001709286,-0.001089588,-0.001265384,0.000544752
-0.0123532,0.00251328,-0.000461493,0.002834865,-0.002798216,0.001851006,-0.001532759,0.000318729,0.00049507,-0.000157232,-0.000130636,-0.000302376,-0.001347795,-0.001091794,-0.000337232,-0.002054159,0.00029202,-0.000873852,-0.00137983,0.000634059
-0.013527729,-0.003100643,0.00253386,0.004079396,-0.002303342,-2.43E-05,-0.002567147,0.001653362,0.001340248,0.001003942,-0.001628164,0.001053731,-0.001056316,-0.000274545,0.000184339,0.000422685,0.000697968,-0.00184045,-0.001154669,0.00051011
-0.011105173,0.002575239,0.000659041,0.001513775,-0.002484057,0.006922423,-0.002613791,0.000685619,0.001458241,0.00038129,0.001680058,-0.001861878,-0.000358358,6.54E-05,-0.001456128,-0.000774638,-0.000146141,-0.000962945,-0.001455233,0.000432052
-0.009994944,-0.002715144,0.004406453,-0.002594863,0.001691106,0.001530419,-0.000490881,-0.000234235,0.000340967,0.000122712,0.000443913,0.000367633,-0.00049157,0.002720936,-0.000317563,0.000340721,-0.000706577,-0.001519763,0.000906851,0.001182515
-0.010357472,-0.002173326,0.002590697,0.003122879,0.000748313,-0.000640131,-0.001273537,0.000274647,1.27E-05,0.000699266,5.67E-05,0.001872068,-0.000600745,-0.00065988,-0.000506616,0.000409821,0.000650379,-0.000159788,0.001586488,0.001047302
-0.012516035,0.000700148,0.000623502,-0.000595811,-0.002767797,0.000615686,0.00114248,0.000421073,0.000704348,0.001510572,-0.00137231,3.56E-05,-0.000607898,0.002182324,-0.000360454,-0.001206923,-0.001421979,-0.001127875,8.34E-06,-0.001404132
-0.011208078,6.37E-05,0.000534697,0.002736198,-0.000464821,0.000250599,0.000871726,-0.00016303,0.001037071,0.000767823,0.000571616,-0.000551096,0.000106016,-0.000205138,0.00037774,-0.000727104,-0.001356414,0.000243227,-0.001105799,-0.000156207
-0.010691867,0.000451671,0.002609013,0.002227921,-0.000563868,0.001128826,0.000644027,0.000254138,0.000259213,-0.000339339,0.00027847,-0.000344646,-9.39E-05,-0.001869787,-0.002292135,-0.000391681,-0.000343254,-0.000392312,-0.000740752,0.000672576
-0.01087614,-0.001762771,0.000747431,0.001893415,-0.001853517,0.00199447,0.000113108,0.000283461,0.001511669,0.001539297,-0.001771705,0.000790533,-0.001549811,-0.000169237,0.001628388,-0.001442461,-0.000893001,-0.000326944,-0.001825682,0.001312855
-0.012079592,-0.003411354,0.004900162,-0.002601725,0.000215536,-0.000366734,-0.002925446,-0.002053675,-0.000247244,-0.000331114,0.00082424,0.001428097,0.000596802,0.002899953,-0.000808083,0.000470914,-0.001406389,-0.001294365,-0.000746406,-0.000688204
-0.011745434,-0.00346314,0.00610859,-0.004216207,0.000444637,-0.000591692,-0.001688878,-0.001326483,-0.001300981,-0.000528288,0.001112728,-0.000154758,0.000531536,0.002278928,-0.000650767,0.000443727,-0.001858975,-0.000738181,-0.003463731,0.000349451
-0.012724425,0.00417,-0.000897098,0.00039848,-0.004000898,-0.000226754,-0.003564198,0.001453402,0.001549214,0.001796402,-0.000665563,0.000218018,-1.82E-05,0.000132906,-0.001244326,0.000281885,0.000381964,0.00114989,-0.002013059,-0.000574935
-0.010722575,-0.001090438,0.002297171,0.005432252,-0.002370334,0.000196253,-0.003112376,-0.001049795,-0.001040843,0.00056253,-0.000955229,0.001117315,-0.000627942,-0.001076258,0.000749079,-0.000590834,-0.000199924,0.000522678,-0.002187477,-0.000238184
-0.010549967,0.002263928,0.000281578,0.00259181,-0.001109529,0.002368611,-0.001075814,0.000951156,0.00042516,-0.000254757,-0.000509197,-0.001763297,-0.001246025,0.001250714,-0.002039613,0.000279151,0.000563666,0.001175255,-0.000454821,0.000947289
-0.011754809,0.009273348,-0.003773476,-0.002408472,-0.000546403,-0.000910096,0.000735083,0.001658125,-0.000156415,-0.001261276,-0.000576106,-0.000900479,-0.000251663,0.000358206,-0.002027406,0.001173797,0.001929627,0.000440728,0.001045632,-9.21E-05
-0.006946022,0.006644116,-0.002272999,-0.002818461,0.001333782,0.002468396,-0.000809001,-0.001612301,-0.000500956,0.000669228,0.000275586,0.000362481,-0.000700844,0.002429843,0.000764501,0.001526508,0.00109586,0.003800443,-0.000363698,-0.001444413
-0.011927392,-0.001796531,0.003519802,0.004603943,3.54E-05,-0.001257954,-4.83E-05,0.000216205,-0.000268872,-0.000688852,-0.000800975,0.001007129,-0.000892067,-0.000558626,-0.00133423,-0.00058049,0.000267484,0.001011348,-0.000142972,0.000444225
-0.012612551,0.009687885,-0.004293605,-0.000436221,-0.001219144,-0.002827857,-0.000200697,0.000155408,-0.000935173,-0.000134599,-0.00013784,0.00216599,0.000200729,-0.00047928,0.000506822,-0.000331093,0.002282099,-0.000504501,-0.000664446,-0.000753629
-0.009747431,0.000647884,0.002454014,-0.002247028,0.000954875,0.004695257,0.000505533,0.002639959,0.002330628,0.001587032,0.001168147,-0.002895971,-0.002749603,-0.000637771,-0.001058191,0.000350609,0.001399224,-0.001350473,0.000581228,0.000582565
-0.011263752,-0.001762348,0.002887502,0.001452974,0.00129274,-0.001740345,-0.000667336,0.000995994,0.000480646,-0.000750735,-0.000692155,0.001148501,0.000200675,-0.000550691,-0.000920288,-0.002374326,-0.000473959,-0.000327565,-0.00018714,0.001452686
-0.010819893,0.002110441,0.00064656,-0.005389046,0.002306172,0.001179789,0.000647739,-0.0008763,-5.80E-06,-0.000137735,0.003178858,-0.000597556,-0.001004296,0.000675283,-0.00064656,-0.000455265,-0.001443308,-0.001226891,-0.000161412,-0.001035416
-0.014557691,0.008065021,-0.00256899,-0.000135815,-0.005319808,-0.001720893,-0.001608318,0.003397572,0.000299227,0.000738533,-0.001530421,0.00083135,-0.00017426,0.000316021,-0.001347662,0.001805635,0.001915079,-9.75E-05,0.00078462,4.09E-05
-0.013960506,0.005594381,-0.000974653,-0.00197856,-0.001840028,-0.000977828,2.31E-05,4.36E-05,0.000976454,0.000326758,0.001176595,0.000507132,-0.00078634,0.000589313,-0.00220179,-0.000400192,0.000388939,-0.000245301,0.000284206,-0.001024498
-0.010025661,-0.000676817,0.004902517,0.003950066,-0.003223561,0.001180663,-0.005113535,0.000872602,-0.001616201,-0.000262935,0.000554365,0.000380232,-0.001172762,-0.001616229,0.001659969,0.001368114,0.000888492,0.000636592,-0.000551974,0.000227917
-0.010732109,-0.001047594,0.003865255,0.001527741,0.002155853,-0.002133629,-0.002972624,4.83E-05,-0.001015644,0.000962187,0.00068541,0.001193048,-0.000717243,0.000889727,-0.002416347,-0.000790092,-0.000447901,-9.75E-05,0.002040264,-0.000790198
-0.012612441,0.005762649,-0.002218784,0.001487515,-0.002311006,-9.61E-06,0.000184714,0.003407485,0.001775401,0.000304806,-0.000690204,0.000257372,0.000317453,-0.000246074,6.81E-05,0.000778512,0.002540599,0.000370872,0.000368965,0.000872685
-0.01174717,0.000596317,0.000315041,-0.003978275,-0.001425163,-0.000928807,0.000284904,0.000499799,0.000835284,0.002532598,-0.001360346,-0.000528137,0.000218427,0.001301444,0.000604841,0.000806809,-0.000770387,0.000853568,8.97E-05,-0.001104076
-0.010778541,-0.001786003,0.00295497,-0.003975548,-0.00086608,0.000645586,-0.003758597,-0.000946691,-9.04E-05,0.001120883,-0.000988788,-0.000316043,-0.002021976,0.000796798,-0.000671843,7.52E-05,-0.000708744,0.001669552,-0.001646139,0.000738921
-0.010930816,0.001080736,0.001506811,0.001155168,-0.000972067,-0.000637099,0.001548488,-0.000873707,0.000871152,0.001377168,0.000784623,0.001985547,0.000414782,-0.00070997,0.000344555,-0.001191958,-0.001167622,0.000949212,-0.000741796,-0.001179462
-0.010611896,0.001596315,-0.000160628,-0.000232448,-0.000436929,-0.00053333,-0.003502022,-0.000833225,-0.000165601,0.001953305,0.000160142,0.001246607,-0.00145708,-0.001120943,0.00072652,0.001221208,-0.00157645,0.000913511,-0.000589655,0.001306474
-0.009077174,0.00852524,-0.005200387,-0.001143017,0.004549251,-0.002219708,0.002953519,-0.001966882,-0.000686473,-0.001489077,0.000945177,0.000551988,0.000346753,0.000276729,-0.001726001,-0.000945184,0.001754762,-7.88E-05,-0.000749092,-0.001136791
-0.010950907,-0.003512372,0.005163564,0.001034978,-0.000391333,0.002255508,0.003285315,-0.000315142,0.001658253,0.001029107,0.001598065,-0.001205183,-0.000440044,0.00067471,9.15E-05,-0.000117958,-0.002030971,-0.001876729,0.001251655,-0.002506361
-0.009723168,-0.00397654,0.004074268,0.003741898,0.001630512,-0.001894353,-0.002677627,0.001070674,-0.001022501,-0.000605528,-0.000719641,0.001112961,-0.001494591,0.000135196,-0.000187195,-0.000900052,0.000882249,0.00100302,0.002140565,0.001913394
-0.011632235,0.00329981,-0.001402937,-0.002296452,-0.00179575,-0.000756115,-0.00129323,0.00111844,0.000872313,0.001335822,-0.00053191,-0.000879085,-0.000138491,0.001365858,-0.000246354,0.000977938,-0.001779219,0.000413302,-0.000553875,4.96E-05
-0.011329751,0.000191708,7.41E-05,0.001395828,-0.000773644,0.000795326,0.000775805,0.001777739,9.97E-05,2.34E-05,-0.000252872,-0.001601927,-0.001650274,-0.001252483,-0.000931685,-0.001949634,0.001774837,0.000924241,-0.000294889,0.001146283
-0.007902878,-0.0008907,-0.000745646,-0.002159536,0.000364788,0.006192832,-0.001342533,-0.000594452,-0.000684872,-0.001140402,-0.00154314,-0.002663864,-0.000567176,0.002436276,0.00340979,0.000672699,0.000479826,-0.001976326,-0.00036359,0.000364184
-0.011520479,0.000886449,0.001951124,-0.000504351,0.003843321,-0.000160081,-6.70E-05,-0.000203859,-0.000186562,0.000191911,0.002447079,0.001104954,-0.000562302,0.000246121,-0.001931204,3.36E-05,0.000780402,0.000248457,0.001518785,-0.001291751
-0.009954335,-0.004707048,0.004077112,0.003474201,-0.000676671,-0.00162038,0.001400673,0.000728515,0.000557455,-0.000523665,-0.000682682,0.000396128,-0.001134321,-0.000204485,0.00110691,3.07E-05,0.000791372,0.001620607,0.000612672,0.002080903
-0.012153353,0.000432304,0.00057905,0.002202415,-0.000883193,-0.001913289,-0.000527878,-0.000316833,-0.000429916,0.001357572,-0.00130763,0.00225907,-0.000868417,-0.001029213,0.000646112,0.000315245,0.000888215,0.000548803,0.001611511,-0.001166837
-0.010675821,-0.002192396,0.001552539,0.003071879,-0.000148366,0.001088299,0.000203166,-0.001844137,-0.000200731,0.0012823,0.000213415,0.001834071,8.29E-05,-0.000931848,0.000995135,-0.000493536,-0.002061854,-0.001926968,4.04E-05,-0.001430174
-0.012829856,-0.003462761,0.005289415,-0.00293979,0.000610812,-0.004486042,-0.001432305,-0.00106113,-0.002088168,-0.00122646,-0.001284567,-0.001089635,0.001194824,0.001829038,-0.001748916,-7.35E-05,-0.001644444,-0.002460135,-0.00278229,-0.000215631
-0.00769158,0.000371651,-0.000214942,3.12E-05,0.002988543,0.001738703,-0.000628176,-0.000294815,-0.001031843,0.000416314,0.000481107,-0.001398264,0.000461736,0.000572527,0.002760839,0.000871177,0.000921465,-0.001994204,-0.000634648,0.000210521
-0.011859804,0.001994428,0.00051341,0.001916493,-0.00238566,-0.000125313,0.002593233,0.001126382,0.001963522,0.000816642,-0.001608503,-0.000436903,0.000109835,-0.000462403,0.000744784,0.000382271,7.10E-05,-0.000183778,-0.000325656,0.00020647
-0.010802982,0.001478705,0.001726113,0.000894825,0.002491607,-0.001858738,-0.001189286,-0.000134105,-0.000252926,0.000645756,-0.000903653,0.00057509,-0.001702421,-0.000535862,-0.002336762,0.000179407,-0.000282691,0.002057516,0.000897232,0.002224206
-0.012154991,0.003945618,-0.003767297,-0.003033121,0.002562043,-0.00153472,-0.000734952,-0.001832949,3.42E-05,0.000770448,9.89E-05,0.001944532,0.000571521,0.001206162,-0.002490534,0.001144755,0.001184528,-0.001094829,-0.000485881,-0.001370587
-0.011861611,-0.001408888,0.0016134,0.003550201,-0.002390389,0.00099392,-0.004149199,0.001637231,0.000186523,0.000692192,-0.000813211,0.001060959,-0.000644278,5.06E-05,0.000464081,0.000546883,7.43E-05,-0.00050917,-0.001708665,-0.000858771
-0.009337262,0.001568672,-0.000591629,0.001253502,0.003168787,-0.000390248,0.000606314,-0.001126703,-0.000234683,0.000780779,0.000884228,0.00187544,-0.001295848,0.000602908,0.000362546,-0.000952271,0.000182791,0.001095337,-0.001424897,0.000897451
-0.011705247,0.001335697,0.000794777,-0.00200189,0.003945963,-0.000645469,0.002548046,0.00150191,0.001667915,-0.000169789,0.001219207,-0.000447467,0.000723528,-1.63E-05,-0.001095722,-0.000570102,0.001177109,-0.001698873,-0.000456127,-0.000143721
-0.011204541,-0.003847979,0.006520262,0.003293496,9.58E-05,-0.000966965,-0.003216348,0.001214645,-0.001051071,3.16E-05,-0.000469846,8.87E-05,-7.53E-05,0.000344354,0.000182633,-0.001273511,-0.000610352,0.000527791,-7.96E-06,0.000379409
-0.011379622,0.003774663,-0.002593474,-0.003332376,0.002120127,0.000180332,0.000177694,-0.002330695,0.001342284,0.000629898,0.000193622,0.000930626,-0.000865012,0.001098116,-0.002145648,0.001746756,-7.14E-05,-0.000812765,0.000305941,-0.000566687
-0.010775072,-0.000388089,0.000993116,0.00135618,-0.000544838,0.001405651,-0.000993479,0.001229941,-0.000194373,0.000495265,-0.001364807,-0.000359548,-0.000134537,0.001989811,0.001296066,0.000373359,0.000831903,-0.000609049,0.001151523,0.000395081
-0.009945288,0.000709157,0.002068424,-0.001845144,0.001254744,-0.002034995,-1.71E-05,0.000804387,-0.000582632,0.000451514,0.000136824,-0.000185048,0.000221981,0.002144307,-0.000707019,0.000564699,-0.000276559,0.000103733,0.00147121,0.000163354
-0.013544981,0.000884856,0.001946692,-0.003358429,-0.002542662,-0.003951015,0.000567833,0.001324467,0.000104419,0.000148959,1.10E-05,0.000434617,0.000909806,0.002138094,-0.001021622,0.001431412,-0.000522806,-0.000161257,-0.000936263,0.001161743
-0.009561669,-0.000248639,0.003950076,-0.000935041,0.001044255,-0.00330188,-7.50E-05,-0.000161256,0.000627508,-0.000289624,0.000312121,0.00280601,0.001319186,0.000473313,0.002490257,0.004485309,-0.000698257,0.000847705,-4.28E-06,-0.002505672
-0.012659751,0.003035162,-0.003477382,-0.00102183,0.001607225,0.000495754,-0.002592576,-0.001015463,0.001180797,0.001843472,-0.001048209,0.002554525,-4.67E-05,0.001018611,-0.001657615,3.83E-05,-8.21E-05,-0.001123803,-0.001345641,-0.000820783
-0.011416907,-0.002124369,0.002805987,0.003011874,-0.000843638,0.00270428,0.001509878,-0.000243806,-0.000193149,-0.000400542,0.000806843,-0.000908832,-0.000795167,-0.001372293,-0.00020957,-0.000480186,0.001340695,2.59E-05,-0.000408442,0.001824805
-0.011679982,0.000897971,0.000737315,0.004674335,-0.00146939,-0.000699928,-0.002238772,-0.001073843,-0.001498786,-0.000331014,0.00014031,0.002030692,0.000141954,-0.000990549,0.000478279,-0.000929356,0.000155375,0.000478657,-0.001597224,6.22E-05
-0.010663391,0.000603538,0.002315248,-0.002168275,0.004811842,-0.002003943,0.001247982,-0.001941321,0.001556561,0.000879665,0.001939324,0.002838999,-0.000881428,0.001440486,-0.000565739,0.001162032,0.000133397,0.002236376,-0.000514515,-0.001065559
-0.009174897,0.003477503,-0.002987213,-6.03E-06,0.000549013,-0.000893847,0.003499694,-0.001301527,0.001328653,0.000125329,-0.001512448,0.002620194,-0.000172511,0.000806193,0.002245873,0.000604763,0.001443026,0.000194629,-0.000577687,-0.000176917
-0.014386727,0.004671722,-0.002379618,-0.003005832,-0.004884248,-0.000865585,-0.000238179,0.001841019,0.001447579,0.000512025,-3.39E-05,0.001323485,-0.001286933,0.000986894,0.000622193,0.000355541,0.000241497,-0.000584315,-0.000873278,-0.001046609
-0.013186718,-0.002172934,0.005213679,-0.002216652,0.000583092,-0.005032127,-0.001248628,-0.001275926,-0.002576075,-0.001002015,-0.000826183,0.000678155,0.002056757,0.000808883,-0.001471114,0.000221753,-0.000431963,-0.00070913,-0.003294802,0.001580804
-0.012285212,-0.001905155,0.003063474,-0.001239874,-0.002416349,-0.000861768,-0.001693521,0.001553327,0.002110685,0.001835528,-0.000914884,0.001729559,-0.000595196,0.001321566,-0.000472603,0.000241794,-0.000614685,0.001081092,1.98E-05,-0.000347032
-0.012026946,-0.000185439,0.000203587,0.002914632,-0.001336757,0.001179799,0.00063927,-0.000826016,-0.000399078,3.32E-05,-0.000265648,-0.000555756,-0.001290792,-0.000113584,0.000579369,-0.001640915,3.99E-05,-0.000569346,-0.000948802,-0.000112371
-0.011261187,-0.003940292,0.002441656,0.003813716,-0.001393744,0.000653693,-0.001023165,0.000232643,0.001259543,0.000474517,-0.001462558,0.00104666,-0.000212176,0.001122783,-0.000355719,-0.001510535,0.000249963,-0.000410687,-0.002850576,0.000179312
-0.011988387,0.005598867,-0.004296357,-0.000624374,-0.003284927,0.001841666,0.002496063,0.001705243,0.001475509,-1.74E-05,-0.001016677,-0.000213877,3.52E-05,-0.00065324,0.000196086,-0.001610126,0.002529933,-0.002153636,-0.00095348,-0.000403586
-0.009710494,-0.000715422,0.000998781,0.001667992,0.001559579,-1.35E-05,-0.001784126,0.001203328,0.000471696,0.000670664,-0.000116819,2.00E-05,-0.002933708,-0.001954359,-0.00088365,-0.001501355,0.002048277,5.07E-05,-1.89E-05,0.001908625
-0.01079963,0.000418673,0.001114692,0.002556045,0.002028688,0.001327109,0.001653573,-0.001175484,0.0018138,0.000259972,0.001630752,0.001648582,-0.000749999,-0.001103688,-0.001272636,0.000232319,-0.000306475,-0.000868522,-0.000758718,-0.000332615
-0.011185522,0.001982698,-0.000664757,0.002675398,-0.003029207,0.001554261,0.001475809,0.001160132,0.001182488,0.000536812,-0.001307669,-0.000776233,-0.000190531,-0.000540544,0.000952273,0.000965299,-0.000290126,0.000415259,0.000116059,0.00079734
-0.010808167,0.00814113,-0.003543149,-0.000954662,0.001741553,-0.00175237,0.000974157,0.001653759,0.000429026,0.000378187,-0.00046809,-0.00050531,0.000257791,-0.000967919,6.26E-06,0.000518075,0.001959753,0.000585159,0.000854817,-0.000173007
-0.01367857,-0.001825331,0.002768035,0.000261803,-0.002184764,-0.002301981,-0.000648065,0.002271041,0.000122624,0.000927651,-0.004091815,0.001960847,-0.000209033,0.001504626,-0.000817876,0.000456651,0.000592966,-0.001073663,0.001644656,0.000918439
-0.012837603,0.001271131,0.001150572,0.002142769,-0.002820715,0.00136364,0.000304406,0.000269249,0.00253591,0.001099599,-0.000449117,0.000490971,0.002419127,4.56E-05,-0.000595395,-0.000533483,-0.000264776,0.000425613,-0.000678266,-0.000689874
-0.010510373,0.000122695,0.003133531,0.002910609,-0.000690593,-0.002424197,0.004139509,0.000991729,0.002189798,-0.00083114,5.75E-05,0.000235232,-0.000341802,-0.001550029,0.000181461,-6.77E-05,0.000891463,0.000946539,-0.000740889,-0.00058568
-0.012317979,-0.003467584,0.004481929,0.004687102,-0.000342064,-0.000601419,0.000939594,9.46E-05,0.001439213,0.000294618,-0.00083092,0.000854919,0.00025891,-0.001898588,0.000708786,0.001123988,-0.000378256,-0.001506719,0.000538651,-0.000353748
-0.011768488,0.005252524,-0.001634526,-0.001403187,0.000855618,0.000676991,-0.001478688,-0.002013603,0.001530241,0.001639237,-9.03E-05,0.002288493,-0.001195003,-0.000629322,-0.001123302,0.000647981,-0.000356736,-0.000206093,-0.000709517,-0.001039257
-0.012741249,0.006381793,-0.003625664,-0.002397654,0.00112038,-0.001791287,0.002365507,3.05E-05,0.001354596,0.00072926,0.001815045,0.002028933,0.000244688,-0.000368492,-0.000135671,0.000514585,0.001814311,-0.000448551,-0.000771727,-0.001645402
-0.010846858,-0.002687651,0.005035438,0.001696235,0.003207339,-0.001566687,0.001371831,0.001137583,0.000164587,-0.000389925,-0.001308475,-8.27E-05,-0.000903663,-0.000809009,-0.001653399,-0.000639218,0.000493487,-0.000661908,0.001263334,0.000338525
-0.005417904,-0.003042054,0.00554447,-0.000389597,0.004462983,0.003162543,-0.004402052,-0.000462505,-0.002120231,-0.003028695,0.002648962,9.59E-05,0.001518118,-0.000918414,0.000104,0.004073217,0.004041517,-0.001166689,0.002192399,0.000369016
-0.010638864,-0.002301136,0.003197116,0.001117265,0.001714093,-0.001315179,-0.000584758,0.000883082,-0.000148748,-0.001012033,-0.001070474,-0.000929512,-0.000794419,0.001891676,-0.00018686,-0.001556285,-7.56E-05,-3.53E-05,0.001656468,0.000454725
-0.00601484,0.000765428,0.002524485,-0.003730304,0.000189735,0.005311891,0.000551532,0.001910743,0.000783589,-0.002262326,0.001201171,-0.002641806,-0.001490456,0.000379488,-0.000937376,-0.000128095,0.003059032,0.000416871,0.003367448,0.00022754
-0.008918234,-0.002525449,0.00272878,0.001236458,0.005612906,-0.002332402,0.002502039,-0.000935123,0.001562032,0.00140196,0.000589582,0.001747028,-0.001068555,-0.000806881,0.000814405,0.000481189,0.000641432,0.000510261,0.001265305,0.00061845
-0.008643382,-0.003766289,0.003328871,-0.001712286,0.002039848,0.001588967,-0.00371331,0.000615574,0.00023538,-0.001614581,0.000757725,0.00062051,0.000919621,0.001499618,0.001399805,0.000122603,0.000322806,-0.00023001,0.001995912,-4.62E-05
-0.009639385,-0.003322454,0.002339917,4.82E-05,0.004120805,-0.000655358,-0.001073446,0.000445921,-6.41E-05,-0.001113342,-0.000867494,0.000997492,-0.00019409,0.000334992,-0.000734057,-0.000925064,0.001002953,-0.000993544,0.000292929,0.000788051
-0.010056512,-0.003502087,0.001944816,0.00497086,0.000536686,0.000887877,0.000215079,0.000678415,0.001189171,0.000790966,0.000294589,0.00107528,-0.001024794,0.000236728,0.000611768,-9.57E-05,-0.000544178,-0.000412076,-0.001340406,0.000847387
-0.011742696,0.005975044,-0.002479616,-0.0021089,0.00163522,-0.001310613,-0.000247232,-0.001905616,0.001224107,0.001417796,0.000512649,0.000986381,-0.000814559,-6.07E-05,-0.001001174,-0.001279737,-0.000248358,-4.55E-05,-0.001798078,-0.001993996
-0.010221898,0.001137483,-0.000414509,0.001540789,0.000767408,-0.000418111,0.000355545,-0.000297475,0.000659885,-0.000225118,-0.001912007,0.00134298,-0.002682788,-0.000366455,-0.001016979,0.001656352,0.001287036,-0.000525039,0.000818485,0.002501321
-0.011067202,0.003503037,-0.000107139,0.002677589,0.000707001,-0.001354851,4.02E-05,0.002547081,0.000654061,-0.000106204,-9.58E-05,-0.000337926,-0.000511188,0.000517723,0.000497368,0.000501484,0.00063252,0.003451267,-0.000498456,0.000925624
-0.012709513,-0.000708207,0.0023985,0.003302813,-0.003501173,-0.001026219,0.000594348,0.000621267,0.001120723,0.001002556,-0.00050571,0.002296795,-0.000118085,-0.001169265,0.001072764,-0.000415868,0.000692071,-0.00052626,-0.000264387,-0.001236009
-0.011540297,-0.000418321,0.001895523,0.001149037,0.002063055,-0.000124578,-0.000679946,0.001578903,-3.25E-05,0.000194397,-6.58E-05,-0.000495395,-0.000846353,0.000539376,-0.000537001,-0.001596965,-0.000593628,0.000410297,0.00186644,0.000986873
-0.011674383,-0.00143066,0.00240167,0.004911741,-0.002901778,0.000279235,0.000441808,-2.04E-05,0.001446692,0.001448163,-0.000435789,0.001448687,-0.001028008,-0.00020384,0.000781451,-0.000254049,-0.000393779,0.000877498,-0.001384089,0.000386401
-0.011597898,-0.004879431,0.005884846,-0.000765945,0.000995355,-0.001266235,-0.000581981,0.001418202,7.81E-05,-0.001436336,-0.000721216,-0.000809262,0.000963054,0.001702605,-0.000485721,-0.001052802,0.000341838,-0.001286987,0.000854761,9.61E-05
-0.012067176,0.010910942,-0.007675419,-0.003676296,-0.000364363,0.000272948,-0.000474248,-0.000837285,0.000339922,0.000214215,0.000136814,0.000963243,-0.000366664,0.000968429,-0.000327771,-0.000196335,0.002082025,-0.000581643,-0.000683804,-0.001219971
-0.013356216,0.004450162,-0.001766836,-0.002501225,-0.002579847,-0.002451754,0.00280913,0.003015798,0.002258501,0.001197045,-0.000939184,0.000657338,0.000219104,0.002225334,-8.78E-05,-0.000136488,-0.000521343,-0.001169782,-0.000306421,-0.001737135
-0.009834366,-0.002709383,0.00422645,-0.000627597,0.001235017,-0.00069749,0.001306338,0.000140008,-0.000190886,0.001298666,-0.000424759,0.000352771,-0.000316007,0.001515728,-0.000109988,0.000984954,-0.000757775,-0.001584468,0.000297518,0.001591712
-0.01062823,-0.001592336,0.001348454,0.004011822,-0.001066803,0.002869841,-0.004413676,0.000127733,-5.94E-05,-0.000135216,-0.000698026,2.72E-05,-0.000297399,0.000335782,0.002021565,0.000824044,-0.000771801,-0.00064261,-0.001634015,-0.000757266
-0.009055398,0.003088805,0.001433305,-0.002043296,0.002750975,0.002258731,-0.001497304,-0.00061431,-0.000364718,-0.000422613,0.002033559,0.000498305,-0.001640829,0.001471422,0.000153385,0.000173818,0.000445583,0.001259541,0.00153913,0.000228725
-0.011351068,0.001472767,-0.000318481,0.002857851,-0.002460069,0.001840564,-0.001351877,5.84E-05,0.000719849,0.000567311,-0.000432839,0.000393889,-0.001601669,0.000888097,-0.001931425,-0.001234359,0.001334641,-0.000573619,-0.000283407,0.002732745
